,date,state,my_citi,n_killed,n_injured,n_total,city_ascii,state_name,state_id,county_name
24,1/27/2014,New Jersey,Neptune,0,1,1,,,,
25,1/28/2014,Illinois,Dekalb,1,1,2,,,,
28,2/3/2014,Virginia,Mc Lean,1,0,1,,,,
33,2/9/2014,New York,Corona,0,1,1,,,,
43,3/6/2014,Washington,Tumtum,1,0,1,,,,
48,3/11/2014,Massachusetts,Middleboro,0,0,0,,,,
52,3/17/2014,New Jersey,Neptune,0,1,1,,,,
53,3/19/2014,Maryland,Curtis Bay,2,0,2,,,,
54,3/24/2014,Idaho,Coeur D Alene,2,0,2,,,,
66,4/19/2014,New York,Corona,1,0,1,,,,
70,5/4/2014,Oregon,Mount Hood Parkdale,1,0,1,,,,
71,5/8/2014,Arkansas,Hot Springs National Park,0,0,0,,,,
72,5/8/2014,Arkansas,Hot Springs National Park,0,0,0,,,,
73,5/11/2014,Pennsylvania,Mc Kees Rocks,0,1,1,,,,
75,5/17/2014,Arkansas,Hot Springs National Park,0,1,1,,,,
79,5/22/2014,Maryland,Brooklyn,0,1,1,,,,
83,5/26/2014,New Jersey,Neptune,0,2,2,,,,
88,5/30/2014,Michigan,Highland,0,0,0,,,,
100,6/16/2014,New Jersey,Neptune,0,0,0,,,,
101,6/16/2014,Pennsylvania,Wilkes Barre,0,0,0,,,,
102,6/17/2014,New Jersey,Neptune,0,0,0,,,,
113,7/4/2014,New Jersey,Neptune,0,0,0,,,,
129,7/20/2014,North Carolina,Winston Salem,1,2,3,,,,
130,7/20/2014,Illinois,Lovejoy,0,1,1,,,,
132,7/22/2014,Arkansas,Hot Springs National Park,0,1,1,,,,
134,7/26/2014,Pennsylvania,Mc Kees Rocks,1,0,1,,,,
150,8/13/2014,New Mexico,Zuni,0,0,0,,,,
152,8/16/2014,Oklahoma,Mcalester,1,0,1,,,,
157,8/25/2014,Arizona,Willow Beach,1,0,1,,,,
158,8/26/2014,New York,Corona,0,1,1,,,,
162,9/9/2014,Louisiana,La Place,0,0,0,,,,
166,9/14/2014,Louisiana,La Place,1,0,1,,,,
167,9/15/2014,Louisiana,La Place,0,0,0,,,,
169,9/21/2014,Michigan,Drummond Island,1,0,1,,,,
173,10/14/2014,California,Pacoima,1,0,1,,,,
201,12/3/2014,North Carolina,Winston Salem,0,2,2,,,,
204,12/6/2014,New York,Corona,0,0,0,,,,
206,12/12/2014,Louisiana,La Place,0,0,0,,,,
207,12/14/2014,Illinois,Lovejoy,0,1,1,,,,
215,12/30/2014,Louisiana,La Place,0,1,1,,,,
220,1/6/2015,New York,Arverne,0,2,2,,,,
221,1/6/2015,New York,Corona,1,1,2,,,,
223,1/8/2015,North Carolina,Winston Salem,0,1,1,,,,
227,1/12/2015,Michigan,Oakland,0,1,1,,,,
234,1/17/2015,North Carolina,Winston Salem,0,1,1,,,,
240,1/21/2015,New York,Corona,0,0,0,,,,
244,1/24/2015,New York,Arverne,4,1,5,,,,
246,1/25/2015,New York,Corona,2,0,2,,,,
248,1/26/2015,Massachusetts,Middleboro,0,0,0,,,,
250,1/28/2015,New York,De Ruyter,1,1,2,,,,
263,2/11/2015,North Carolina,Winston Salem,0,1,1,,,,
265,2/13/2015,New York,Arverne,1,1,2,,,,
274,3/6/2015,Illinois,Lovejoy,0,2,2,,,,
275,3/6/2015,New York,Corona,2,0,2,,,,
288,3/26/2015,New York,Corona,1,0,1,,,,
294,3/30/2015,Maryland,Fort George G Meade,1,1,2,,,,
297,3/31/2015,Idaho,Coeur D Alene,0,0,0,,,,
298,3/31/2015,New York,Corona,1,0,1,,,,
303,4/4/2015,Louisiana,La Place,0,0,0,,,,
305,4/8/2015,Illinois,Lovejoy,1,0,1,,,,
307,4/13/2015,Idaho,Coeur D Alene,0,0,0,,,,
323,4/24/2015,New York,Jamaica,0,0,0,,,,
328,4/28/2015,New Jersey,Neptune,0,0,0,,,,
339,5/5/2015,Idaho,Coeur D Alene,1,0,1,,,,
341,5/5/2015,New York,Corona,1,0,1,,,,
342,5/6/2015,Arkansas,Hot Springs National Park,0,0,0,,,,
351,5/11/2015,North Carolina,Winston Salem,1,0,1,,,,
355,5/17/2015,New York,Corona,1,1,2,,,,
363,5/25/2015,New Mexico,Ohkay Owingeh,1,0,1,,,,
378,6/6/2015,South Carolina,Batesburg,1,1,2,,,,
379,6/6/2015,Pennsylvania,Mc Kees Rocks,0,1,1,,,,
384,6/7/2015,New York,Arverne,0,0,0,,,,
409,6/12/2015,North Carolina,Winston Salem,0,1,1,,,,
429,6/17/2015,New York,Arverne,0,1,1,,,,
438,6/18/2015,Michigan,Redford,1,0,1,,,,
448,6/20/2015,New York,Arverne,0,1,1,,,,
453,6/21/2015,New York,Arverne,0,1,1,,,,
470,6/23/2015,Florida,Hallandale,0,1,1,,,,
474,6/24/2015,Michigan,Washington,0,1,1,,,,
479,6/24/2015,Louisiana,La Place,0,0,0,,,,
499,6/27/2015,Illinois,O Fallon,1,0,1,,,,
502,6/28/2015,Alabama,Mc Calla,3,0,3,,,,
504,6/28/2015,North Carolina,Winston Salem,1,0,1,,,,
518,6/30/2015,North Carolina,Winston Salem,0,0,0,,,,
519,6/30/2015,North Carolina,Winston Salem,0,0,0,,,,
531,7/2/2015,Michigan,Highland,0,1,1,,,,
532,7/2/2015,New York,Arverne,0,0,0,,,,
540,7/3/2015,New York,Arverne,0,0,0,,,,
548,7/4/2015,New York,Arverne,0,1,1,,,,
554,7/5/2015,Louisiana,La Place,0,0,0,,,,
558,7/6/2015,North Carolina,Winston Salem,0,1,1,,,,
562,7/7/2015,New York,Arverne,0,0,0,,,,
580,7/10/2015,North Carolina,Winston Salem,0,0,0,,,,
584,7/11/2015,North Carolina,Winston Salem,0,1,1,,,,
600,7/13/2015,Idaho,Coeur D Alene,0,0,0,,,,
613,7/15/2015,New York,Arverne,0,1,1,,,,
618,7/16/2015,North Carolina,Winston Salem,0,0,0,,,,
631,7/17/2015,New York,Arverne,0,1,1,,,,
676,7/22/2015,South Dakota,Mc Laughlin,0,0,0,,,,
692,7/25/2015,California,Mc Farland,1,0,1,,,,
693,7/25/2015,North Carolina,Winston Salem,1,0,1,,,,
697,7/25/2015,Maryland,Brooklyn,0,0,0,,,,
712,7/27/2015,Idaho,Coeur D Alene,0,0,0,,,,
717,7/28/2015,Maryland,Sparrows Point,0,0,0,,,,
721,7/29/2015,Maryland,Sparrows Point,2,0,2,,,,
722,7/29/2015,Florida,Land O Lakes,0,1,1,,,,
735,7/30/2015,Arkansas,Hot Springs National Park,0,0,0,,,,
737,7/31/2015,Michigan,Redford,0,0,0,,,,
742,8/1/2015,Louisiana,La Place,0,1,1,,,,
743,8/1/2015,Alabama,Eight Mile,1,0,1,,,,
745,8/1/2015,Michigan,Davisburg,0,0,0,,,,
749,8/2/2015,New Jersey,Titusville,1,0,1,,,,
750,8/2/2015,Louisiana,La Place,0,0,0,,,,
753,8/2/2015,Louisiana,La Place,0,0,0,,,,
754,8/2/2015,Louisiana,La Place,0,0,0,,,,
762,8/3/2015,North Carolina,Winston Salem,0,1,1,,,,
771,8/4/2015,Pennsylvania,Mc Kees Rocks,1,0,1,,,,
777,8/5/2015,Louisiana,La Place,0,1,1,,,,
784,8/5/2015,New York,Arverne,0,0,0,,,,
785,8/5/2015,New York,Arverne,1,0,1,,,,
820,8/9/2015,North Carolina,Winston Salem,1,1,2,,,,
827,8/9/2015,New York,Corona,0,1,1,,,,
835,8/11/2015,Connecticut,Vernon Rockville,0,0,0,,,,
837,8/11/2015,Iowa,De Witt,0,1,1,,,,
842,8/11/2015,Florida,Dania,1,0,1,,,,
848,8/13/2015,Louisiana,La Place,0,0,0,,,,
864,8/15/2015,New York,Arverne,0,0,0,,,,
866,8/15/2015,Oklahoma,S Coffeyville,0,0,0,,,,
877,8/16/2015,New York,Arverne,1,0,1,,,,
888,8/17/2015,New York,Springfield Gardens,0,1,1,,,,
889,8/17/2015,New York,Arverne,0,0,0,,,,
890,8/17/2015,New York,Arverne,0,1,1,,,,
912,8/20/2015,Texas,Grulla,2,2,4,,,,
915,8/21/2015,Hawaii,Kailua Kona,0,0,0,,,,
933,8/23/2015,New York,Arverne,0,1,1,,,,
944,8/24/2015,New York,Arverne,0,0,0,,,,
953,8/25/2015,Alabama,Mc Calla,0,1,1,,,,
964,8/28/2015,Illinois,Saint Louis,1,0,1,,,,
973,8/29/2015,New York,Corona,1,0,1,,,,
980,8/30/2015,New York,Corona,0,1,1,,,,
993,9/1/2015,North Carolina,Winston Salem,0,1,1,,,,
995,9/1/2015,Hawaii,Kailua Kona,0,0,0,,,,
1002,9/2/2015,New York,Arverne,0,0,0,,,,
1012,9/4/2015,North Carolina,Winston Salem,0,1,1,,,,
1021,9/5/2015,West Virginia,Midway,0,1,1,,,,
1030,9/6/2015,North Carolina,Winston Salem,0,1,1,,,,
1035,9/6/2015,Michigan,Macomb,0,1,1,,,,
1039,9/7/2015,Florida,Dania,1,0,1,,,,
1043,9/8/2015,North Carolina,Winston Salem,0,1,1,,,,
1059,9/10/2015,Arkansas,Hot Springs National Park,0,0,0,,,,
1070,9/12/2015,South Carolina,Saint Helena Island,0,1,1,,,,
1079,9/13/2015,New Hampshire,Tilton,0,0,0,,,,
1082,9/13/2015,Illinois,Mc Clure,0,1,1,,,,
1090,9/14/2015,North Carolina,Winston Salem,1,0,1,,,,
1096,9/15/2015,Louisiana,La Place,0,2,2,,,,
1102,9/17/2015,Maine,North Anson,0,0,0,,,,
1105,9/18/2015,North Carolina,Winston Salem,0,1,1,,,,
1110,9/18/2015,Maryland,Brooklyn,0,0,0,,,,
1115,9/19/2015,North Carolina,Winston Salem,0,1,1,,,,
1117,9/19/2015,Pennsylvania,Wilkes Barre,0,1,1,,,,
1120,9/20/2015,Pennsylvania,Wilkes Barre,0,0,0,,,,
1124,9/20/2015,New York,Corona,0,0,0,,,,
1145,9/24/2015,Arkansas,Hot Springs National Park,1,2,3,,,,
1148,9/25/2015,Pennsylvania,Mc Kees Rocks,2,1,3,,,,
1158,9/27/2015,North Carolina,Willow Spring,0,1,1,,,,
1186,10/1/2015,New York,Corona,0,1,1,,,,
1194,10/3/2015,Illinois,Mc Clure,0,0,0,,,,
1210,10/5/2015,Louisiana,La Place,2,1,3,,,,
1225,10/8/2015,New York,Olivebridge,0,0,0,,,,
1228,10/8/2015,Arkansas,Hot Springs National Park,1,0,1,,,,
1229,10/8/2015,North Carolina,Winston Salem,1,0,1,,,,
1238,10/9/2015,Pennsylvania,Wilkes Barre,0,1,1,,,,
1240,10/9/2015,New Jersey,Wood Ridge,0,0,0,,,,
1242,10/10/2015,New York,Corona,0,0,0,,,,
1248,10/11/2015,New York,Scipio Center,0,0,0,,,,
1258,10/12/2015,North Carolina,Winston Salem,0,1,1,,,,
1264,10/13/2015,New York,Corona,0,0,0,,,,
1268,10/13/2015,North Carolina,Winston Salem,0,2,2,,,,
1295,10/16/2015,North Carolina,Winston Salem,0,1,1,,,,
1299,10/17/2015,Louisiana,La Place,0,1,1,,,,
1315,10/20/2015,New York,Corona,0,0,0,,,,
1320,10/20/2015,Maryland,Sparks Glencoe,0,0,0,,,,
1352,10/23/2015,Louisiana,La Place,0,0,0,,,,
1357,10/24/2015,New York,Corona,0,1,1,,,,
1358,10/24/2015,Wisconsin,Salem,1,0,1,,,,
1377,10/27/2015,North Carolina,Winston Salem,0,1,1,,,,
1387,10/29/2015,Louisiana,La Place,1,0,1,,,,
1398,10/31/2015,North Carolina,Winston Salem,0,2,2,,,,
1402,10/31/2015,North Carolina,Winston Salem,0,1,1,,,,
1411,11/1/2015,New York,Corona,0,1,1,,,,
1417,11/2/2015,North Carolina,Winston Salem,1,0,1,,,,
1438,11/5/2015,Michigan,Macomb,0,0,0,,,,
1440,11/5/2015,Louisiana,La Place,0,1,1,,,,
1452,11/8/2015,North Carolina,Winston Salem,0,2,2,,,,
1455,11/8/2015,New Jersey,Monroe Township,0,0,0,,,,
1459,11/9/2015,California,Van Nuys,1,0,1,,,,
1464,11/9/2015,Louisiana,La Place,1,0,1,,,,
1466,11/9/2015,California,Van Nuys,1,0,1,,,,
1467,11/9/2015,Florida,Saint Johns,0,0,0,,,,
1471,11/10/2015,Virginia,Henrico,0,0,0,,,,
1501,11/15/2015,Pennsylvania,Wilkes Barre,0,0,0,,,,
1513,11/17/2015,North Carolina,Winston Salem,1,0,1,,,,
1534,11/21/2015,Pennsylvania,Wilkes Barre,0,0,0,,,,
1536,11/21/2015,New York,Corona,1,0,1,,,,
1540,11/21/2015,Louisiana,La Place,0,1,1,,,,
1545,11/22/2015,North Carolina,Winston Salem,0,1,1,,,,
1547,11/22/2015,Pennsylvania,Wilkes Barre,0,0,0,,,,
1551,11/22/2015,Georgia,La Fayette,1,0,1,,,,
1560,11/24/2015,Florida,Hallandale,0,2,2,,,,
1570,11/25/2015,Arkansas,Hot Springs National Park,0,1,1,,,,
1571,11/25/2015,Michigan,Macomb,1,0,1,,,,
1612,12/2/2015,New York,Corona,0,2,2,,,,
1637,12/6/2015,Pennsylvania,Mc Donald,0,0,0,,,,
1650,12/8/2015,Massachusetts,Lanesboro,0,1,1,,,,
1658,12/9/2015,North Carolina,Winston Salem,0,0,0,,,,
1672,12/11/2015,Virginia,Mc Lean,0,0,0,,,,
1679,12/12/2015,Illinois,Lovejoy,1,3,4,,,,
1682,12/13/2015,Arkansas,Hot Springs National Park,0,0,0,,,,
1686,12/13/2015,Idaho,Coeur D Alene,1,0,1,,,,
1689,12/13/2015,Pennsylvania,Mc Kees Rocks,0,3,3,,,,
1695,12/14/2015,New York,Corona,0,1,1,,,,
1737,12/20/2015,Iowa,De Witt,1,0,1,,,,
1738,12/20/2015,New York,Corona,0,1,1,,,,
1743,12/21/2015,North Carolina,Winston Salem,0,1,1,,,,
1746,12/22/2015,Michigan,Macomb,0,1,1,,,,
1771,12/25/2015,Ohio,Brookpark,0,0,0,,,,
1779,12/27/2015,New York,Corona,0,1,1,,,,
1785,12/27/2015,Illinois,Carman,0,1,1,,,,
1801,12/29/2015,North Carolina,Winston Salem,0,2,2,,,,
1802,12/29/2015,North Carolina,Winston Salem,0,1,1,,,,
1803,12/29/2015,Michigan,Davisburg,0,0,0,,,,
1806,12/30/2015,South Carolina,Mc Clellanville,0,0,0,,,,
1825,1/1/2016,Kentucky,Falls Of Rough,0,0,0,,,,
1839,1/4/2016,North Carolina,Winston Salem,0,2,2,,,,
1852,1/6/2016,Arkansas,Hot Springs National Park,0,1,1,,,,
1856,1/7/2016,Wisconsin,Fond Du Lac,0,0,0,,,,
1868,1/8/2016,Florida,Loxahatchee,0,0,0,,,,
1875,1/10/2016,North Carolina,Winston Salem,0,0,0,,,,
1880,1/11/2016,New York,Corona,1,0,1,,,,
1883,1/11/2016,North Carolina,Winston Salem,0,0,0,,,,
1887,1/12/2016,Missouri,O Fallon,0,1,1,,,,
1889,1/12/2016,North Carolina,Winston Salem,0,1,1,,,,
1894,1/13/2016,New Jersey,Brick,0,0,0,,,,
1912,1/16/2016,New York,Corona,0,1,1,,,,
1917,1/17/2016,Connecticut,Vernon Rockville,0,1,1,,,,
1921,1/17/2016,Virginia,Ware Neck,1,3,4,,,,
1935,1/20/2016,Arkansas,Hot Springs National Park,0,1,1,,,,
1967,1/25/2016,North Carolina,Winston Salem,0,0,0,,,,
1973,1/26/2016,New York,Springfield Gardens,0,1,1,,,,
1986,1/28/2016,Michigan,Redford,0,1,1,,,,
1993,1/28/2016,Pennsylvania,New Providence,0,0,0,,,,
2000,1/29/2016,New York,Brant Lake,0,1,1,,,,
2008,1/30/2016,New Jersey,Brick,0,0,0,,,,
2017,1/30/2016,Michigan,Clinton Township,0,1,1,,,,
2023,1/31/2016,Michigan,Clinton Township,0,1,1,,,,
2031,1/31/2016,New York,La Fayette,0,0,0,,,,
2032,1/31/2016,North Carolina,Winston Salem,0,0,0,,,,
2039,2/1/2016,North Carolina,Winston Salem,0,0,0,,,,
2042,2/2/2016,Florida,Opa Locka,0,2,2,,,,
2055,2/4/2016,New York,Harpursville,0,0,0,,,,
2060,2/5/2016,New York,Corona,0,0,0,,,,
2069,2/6/2016,North Carolina,Winston Salem,1,0,1,,,,
2077,2/7/2016,Idaho,Coeur D Alene,0,0,0,,,,
2113,2/15/2016,Vermont,Cuttingsville,1,0,1,,,,
2163,2/21/2016,Georgia,Saint Simons Island,0,1,1,,,,
2167,2/21/2016,New York,Corona,0,0,0,,,,
2177,2/23/2016,District of Columbia,Naval Anacost Annex,0,1,1,,,,
2178,2/23/2016,Pennsylvania,Wilkes Barre,0,0,0,,,,
2183,2/24/2016,Tennessee,Soddy Daisy,0,1,1,,,,
2188,2/25/2016,Illinois,Dekalb,0,2,2,,,,
2189,2/25/2016,Florida,Hallandale,0,0,0,,,,
2190,2/25/2016,North Carolina,Winston Salem,0,0,0,,,,
2232,3/2/2016,Kentucky,Ft Mitchell,0,0,0,,,,
2237,3/3/2016,Michigan,Davisburg,0,1,1,,,,
2246,3/4/2016,Michigan,Washington,0,0,0,,,,
2249,3/4/2016,New York,Corona,0,1,1,,,,
2250,3/4/2016,New York,Corona,0,0,0,,,,
2260,3/5/2016,Maine,West Enfield,0,0,0,,,,
2268,3/6/2016,New York,Corona,0,1,1,,,,
2281,3/8/2016,North Carolina,Winston Salem,0,0,0,,,,
2286,3/9/2016,New York,Corona,0,1,1,,,,
2301,3/12/2016,Florida,Fort Mc Coy,0,6,6,,,,
2310,3/13/2016,North Carolina,Winston Salem,1,0,1,,,,
2314,3/14/2016,New Hampshire,Tilton,0,0,0,,,,
2320,3/14/2016,Florida,Hallandale,0,0,0,,,,
2345,3/18/2016,New York,Brant Lake,0,0,0,,,,
2351,3/19/2016,Virginia,Henrico,0,0,0,,,,
2365,3/21/2016,Vermont,North Clarendon,0,0,0,,,,
2372,3/22/2016,North Carolina,Winston Salem,0,0,0,,,,
2382,3/24/2016,North Carolina,Winston Salem,0,1,1,,,,
2430,3/31/2016,Arkansas,Hot Springs National Park,0,2,2,,,,
2432,3/31/2016,New Hampshire,Tilton,0,0,0,,,,
2441,4/1/2016,New York,Corona,0,0,0,,,,
2453,4/2/2016,North Carolina,Winston Salem,1,0,1,,,,
2476,4/5/2016,New York,Corona,0,1,1,,,,
2486,4/6/2016,Illinois,Dekalb,1,0,1,,,,
2496,4/7/2016,New Jersey,Brick,0,0,0,,,,
2513,4/9/2016,Pennsylvania,Wilkes Barre,0,0,0,,,,
2519,4/9/2016,New York,Corona,1,0,1,,,,
2527,4/10/2016,Arkansas,Hot Springs National Park,0,1,1,,,,
2529,4/10/2016,Pennsylvania,Feasterville Trevose,0,1,1,,,,
2536,4/12/2016,Pennsylvania,Mc Kees Rocks,0,1,1,,,,
2542,4/13/2016,South Carolina,Mc Coll,0,0,0,,,,
2543,4/13/2016,North Carolina,Winston Salem,1,0,1,,,,
2549,4/14/2016,Mississippi,Mccomb,1,0,1,,,,
2559,4/16/2016,North Carolina,Winston Salem,1,0,1,,,,
2563,4/16/2016,New York,Springfield Gardens,0,0,0,,,,
2576,4/18/2016,Virginia,Henrico,0,0,0,,,,
2584,4/19/2016,Idaho,Coeur D Alene,0,0,0,,,,
2607,4/22/2016,Michigan,Waterford,1,0,1,,,,
2629,4/26/2016,Arkansas,Hot Springs National Park,0,0,0,,,,
2642,4/27/2016,Arkansas,Hot Springs National Park,0,0,0,,,,
2653,4/30/2016,New York,Corona,0,2,2,,,,
2655,4/30/2016,North Carolina,Winston Salem,1,0,1,,,,
2656,4/30/2016,Pennsylvania,Wilkes Barre,0,0,0,,,,
2661,5/1/2016,Connecticut,Vernon Rockville,0,0,0,,,,
2695,5/5/2016,Arkansas,Hot Springs National Park,0,1,1,,,,
2719,5/8/2016,New York,Corona,0,1,1,,,,
2723,5/9/2016,Arkansas,Hot Springs National Park,0,2,2,,,,
2726,5/9/2016,Pennsylvania,Wilkes Barre,0,0,0,,,,
2728,5/9/2016,New York,Olivebridge,0,0,0,,,,
2736,5/11/2016,North Carolina,Winston Salem,0,1,1,,,,
2738,5/11/2016,New York,Corona,0,1,1,,,,
2741,5/11/2016,Arkansas,Hot Springs National Park,0,3,3,,,,
2751,5/13/2016,Idaho,Coeur D Alene,0,0,0,,,,
2753,5/13/2016,Pennsylvania,Wilkes Barre,1,0,1,,,,
2758,5/14/2016,California,City Of Industry,0,1,1,,,,
2759,5/14/2016,California,City Of Industry,0,0,0,,,,
2763,5/14/2016,New York,Corona,0,1,1,,,,
2768,5/15/2016,New Jersey,Lanoka Harbor,0,0,0,,,,
2769,5/15/2016,North Carolina,Winston Salem,0,1,1,,,,
2776,5/16/2016,Florida,Hallandale,0,1,1,,,,
2778,5/17/2016,Virginia,Henrico,0,0,0,,,,
2786,5/18/2016,Pennsylvania,Wilkes Barre,0,1,1,,,,
2801,5/20/2016,Pennsylvania,Wilkes Barre,0,0,0,,,,
2805,5/20/2016,New Jersey,Monroe Township,0,0,0,,,,
2814,5/21/2016,Louisiana,La Place,1,0,1,,,,
2816,5/22/2016,Tennessee,Soddy Daisy,1,0,1,,,,
2821,5/22/2016,Florida,Hallandale,1,0,1,,,,
2822,5/23/2016,New York,Corona,0,0,0,,,,
2825,5/23/2016,Florida,Opa Locka,0,1,1,,,,
2831,5/24/2016,Florida,Opa Locka,0,0,0,,,,
2839,5/25/2016,North Carolina,Winston Salem,1,0,1,,,,
2842,5/25/2016,North Carolina,Winston Salem,1,0,1,,,,
2845,5/26/2016,New York,Russell,0,0,0,,,,
2864,5/28/2016,Indiana,La Porte,0,0,0,,,,
2867,5/28/2016,New Jersey,Little Falls,1,0,1,,,,
2876,5/29/2016,New York,Corona,0,1,1,,,,
2877,5/29/2016,New York,Corona,0,1,1,,,,
2883,5/29/2016,New York,Corona,0,2,2,,,,
2885,5/30/2016,Pennsylvania,Wilkes Barre,0,0,0,,,,
2893,5/30/2016,North Carolina,Winston Salem,1,0,1,,,,
2911,6/2/2016,North Carolina,Winston Salem,0,0,0,,,,
2925,6/5/2016,North Carolina,Winston Salem,0,1,1,,,,
2929,6/6/2016,North Carolina,Winston Salem,1,0,1,,,,
2936,6/7/2016,North Carolina,Winston Salem,1,0,1,,,,
2942,6/7/2016,Michigan,Redford Twp,0,1,1,,,,
2974,6/11/2016,Virginia,Mc Lean,0,0,0,,,,
2975,6/11/2016,North Carolina,Winston Salem,0,1,1,,,,
2978,6/11/2016,Maryland,Gwynn Oak,0,1,1,,,,
2980,6/11/2016,New York,Corona,0,1,1,,,,
2982,6/12/2016,New York,Corona,1,0,1,,,,
3008,6/15/2016,New York,Corona,0,0,0,,,,
3010,6/15/2016,North Carolina,Winston Salem,1,0,1,,,,
3016,6/16/2016,North Carolina,Winston Salem,0,1,1,,,,
3019,6/16/2016,New Jersey,Township Of Washington,0,0,0,,,,
3025,6/18/2016,Indiana,La Porte,0,0,0,,,,
3048,6/21/2016,Michigan,North Street,0,0,0,,,,
3051,6/21/2016,Idaho,Coeur D Alene,0,0,0,,,,
3055,6/21/2016,Kentucky,Coxs Creek,0,1,1,,,,
3072,6/24/2016,Georgia,Lagrange,0,0,0,,,,
3078,6/25/2016,Arkansas,Hot Springs National Park,0,0,0,,,,
3088,6/26/2016,Florida,Fort Mc Coy,0,0,0,,,,
3104,6/27/2016,Pennsylvania,Wilkes Barre,0,0,0,,,,
3107,6/28/2016,Louisiana,La Place,0,1,1,,,,
3121,7/1/2016,North Carolina,Winston Salem,0,1,1,,,,
3140,7/2/2016,New Jersey,Lawrence Township,0,0,0,,,,
3143,7/3/2016,New York,Corona,0,1,1,,,,
3162,7/4/2016,Pennsylvania,Wilkes Barre,0,0,0,,,,
3166,7/5/2016,North Carolina,Winston Salem,0,1,1,,,,
3172,7/5/2016,New York,Corona,0,1,1,,,,
3174,7/6/2016,Illinois,Summit Argo,1,0,1,,,,
3175,7/6/2016,Florida,Saint Johns,0,1,1,,,,
3191,7/7/2016,North Carolina,Winston Salem,0,1,1,,,,
3200,7/9/2016,North Carolina,Winston Salem,0,1,1,,,,
3202,7/9/2016,Georgia,Lagrange,0,1,1,,,,
3203,7/9/2016,California,Canyon Dam,1,0,1,,,,
3212,7/10/2016,North Carolina,Winston Salem,0,1,1,,,,
3215,7/10/2016,North Carolina,Winston Salem,0,2,2,,,,
3226,7/12/2016,Florida,Hallandale,0,3,3,,,,
3234,7/12/2016,New Jersey,Little Falls,1,0,1,,,,
3251,7/15/2016,New York,Corona,1,0,1,,,,
3259,7/17/2016,Pennsylvania,Wilkes Barre,0,0,0,,,,
3268,7/18/2016,New York,Corona,0,1,1,,,,
3273,7/18/2016,Arkansas,Hot Springs National Park,0,1,1,,,,
3316,7/23/2016,Louisiana,La Place,0,3,3,,,,
3328,7/24/2016,New York,Corona,0,0,0,,,,
3355,7/26/2016,Michigan,Goodells,0,0,0,,,,
3369,7/29/2016,North Carolina,Winston Salem,1,0,1,,,,
3372,7/29/2016,Louisiana,La Place,0,0,0,,,,
3383,7/30/2016,North Carolina,Winston Salem,1,0,1,,,,
3386,7/30/2016,Ohio,Brookpark,0,0,0,,,,
3391,7/31/2016,New Jersey,Manchester Township,1,0,1,,,,
3395,8/1/2016,Florida,Hallandale,0,0,0,,,,
3396,8/1/2016,New York,Corona,0,1,1,,,,
3431,8/4/2016,Virginia,Steeles Tavern,0,1,1,,,,
3437,8/5/2016,New Hampshire,Tilton,0,0,0,,,,
3447,8/5/2016,Louisiana,La Place,1,0,1,,,,
3462,8/7/2016,Ohio,Brookpark,0,0,0,,,,
3465,8/7/2016,New York,Corona,0,0,0,,,,
3492,8/10/2016,North Carolina,Winston Salem,0,1,1,,,,
3522,8/14/2016,Virginia,Mc Lean,0,2,2,,,,
3536,8/16/2016,North Carolina,Winston Salem,0,1,1,,,,
3572,8/20/2016,Ohio,Brookpark,1,1,2,,,,
3593,8/22/2016,New Jersey,Neptune,0,1,1,,,,
3614,8/24/2016,Pennsylvania,Wilkes Barre,0,0,0,,,,
3626,8/26/2016,Oklahoma,Mcalester,2,0,2,,,,
3638,8/28/2016,California,Sylmar,2,1,3,,,,
3642,8/28/2016,Idaho,Coeur D Alene,0,0,0,,,,
3643,8/28/2016,Vermont,North Clarendon,0,0,0,,,,
3663,8/30/2016,Pennsylvania,Wilkes Barre,0,0,0,,,,
3673,8/31/2016,Michigan,Clinton Township,0,1,1,,,,
3674,8/31/2016,Indiana,Mc Cordsville,0,0,0,,,,
3691,9/3/2016,New York,Blossvale,0,1,1,,,,
3705,9/5/2016,Georgia,Mcdonough,0,1,1,,,,
3706,9/5/2016,Michigan,Macomb,0,0,0,,,,
3710,9/6/2016,North Carolina,Winston Salem,1,0,1,,,,
3722,9/7/2016,Missouri,O Fallon,0,1,1,,,,
3739,9/8/2016,Arkansas,Hot Springs National Park,1,4,5,,,,
3747,9/9/2016,New York,Far Rockaway,0,0,0,,,,
3757,9/10/2016,Maine,Union,0,0,0,,,,
3777,9/13/2016,Louisiana,La Place,1,0,1,,,,
3785,9/14/2016,Florida,Hallandale,1,1,2,,,,
3800,9/16/2016,North Carolina,Winston Salem,1,0,1,,,,
3801,9/16/2016,Louisiana,La Place,1,0,1,,,,
3809,9/17/2016,Missouri,O Fallon,0,0,0,,,,
3812,9/17/2016,North Carolina,Winston Salem,0,1,1,,,,
3818,9/17/2016,Illinois,Dekalb,0,0,0,,,,
3872,9/24/2016,Vermont,West Wardsboro,0,0,0,,,,
3891,9/26/2016,Florida,Hallandale,0,0,0,,,,
3892,9/26/2016,North Carolina,Winston Salem,0,4,4,,,,
3895,9/26/2016,Maryland,Gwynn Oak,1,0,1,,,,
3898,9/26/2016,Louisiana,La Place,1,0,1,,,,
3906,9/27/2016,Kentucky,Ft Mitchell,0,2,2,,,,
3919,9/28/2016,North Carolina,Winston Salem,0,0,0,,,,
3923,9/29/2016,North Carolina,Winston Salem,1,0,1,,,,
3931,9/30/2016,California,Mc Farland,1,0,1,,,,
3941,10/1/2016,Michigan,Macomb,1,1,2,,,,
3942,10/1/2016,North Carolina,Winston Salem,1,0,1,,,,
3948,10/2/2016,Michigan,Commerce Township,0,0,0,,,,
3956,10/3/2016,Michigan,Goodells,0,1,1,,,,
3960,10/3/2016,Michigan,Goodells,0,1,1,,,,
3962,10/4/2016,Maryland,Brooklyn,0,0,0,,,,
3974,10/7/2016,Arkansas,Hot Springs National Park,0,1,1,,,,
3990,10/9/2016,North Carolina,Winston Salem,2,0,2,,,,
3992,10/9/2016,New York,Corona,0,1,1,,,,
4022,10/12/2016,New York,Corona,0,1,1,,,,
4024,10/13/2016,New York,Blossvale,0,0,0,,,,
4047,10/16/2016,Pennsylvania,Jersey Mills,0,1,1,,,,
4050,10/16/2016,South Carolina,Saint Helena Island,0,1,1,,,,
4054,10/16/2016,Florida,Hallandale,1,1,2,,,,
4100,10/21/2016,Pennsylvania,Mc Kees Rocks,1,1,2,,,,
4101,10/21/2016,Tennessee,Soddy Daisy,0,1,1,,,,
4115,10/23/2016,California,Van Nuys,1,0,1,,,,
4124,10/24/2016,Florida,Hallandale,0,0,0,,,,
4129,10/24/2016,Arkansas,Hot Springs National Park,1,0,1,,,,
4137,10/26/2016,North Carolina,Winston Salem,0,0,0,,,,
4138,10/26/2016,North Carolina,Winston Salem,0,0,0,,,,
4165,10/28/2016,New York,Corona,0,1,1,,,,
4181,10/31/2016,New York,Corona,0,2,2,,,,
4199,11/1/2016,North Carolina,Winston Salem,0,0,0,,,,
4213,11/3/2016,California,Pacoima,0,0,0,,,,
4220,11/4/2016,Maryland,Brooklyn,1,0,1,,,,
4233,11/5/2016,Connecticut,Old Lyme,0,0,0,,,,
4258,11/9/2016,New York,Corona,0,0,0,,,,
4261,11/9/2016,New York,Corona,0,0,0,,,,
4264,11/10/2016,North Carolina,Winston Salem,1,0,1,,,,
4288,11/13/2016,New York,Corona,0,1,1,,,,
4291,11/14/2016,New York,Corona,0,1,1,,,,
4294,11/14/2016,New Jersey,Neptune,0,0,0,,,,
4301,11/15/2016,Arkansas,Hot Springs National Park,0,1,1,,,,
4306,11/16/2016,North Carolina,Winston Salem,0,2,2,,,,
4333,11/19/2016,New York,Corona,0,0,0,,,,
4345,11/21/2016,North Carolina,Winston Salem,0,0,0,,,,
4349,11/21/2016,California,Sun City,0,0,0,,,,
4358,11/23/2016,New York,Blossvale,0,0,0,,,,
4371,11/25/2016,Pennsylvania,Mc Donald,1,0,1,,,,
4374,11/25/2016,New York,Corona,0,1,1,,,,
4391,11/26/2016,New York,Corona,0,0,0,,,,
4405,11/27/2016,Virginia,Mc Kenney,0,1,1,,,,
4408,11/28/2016,North Carolina,Winston Salem,1,0,1,,,,
4436,11/30/2016,Florida,Hallandale,0,1,1,,,,
4439,12/1/2016,North Carolina,Winston Salem,0,0,0,,,,
4451,12/3/2016,Arkansas,Hot Springs National Park,0,1,1,,,,
4454,12/4/2016,Pennsylvania,Mc Kees Rocks,0,1,1,,,,
4460,12/4/2016,South Carolina,Mc Clellanville,0,1,1,,,,
4464,12/5/2016,North Carolina,Winston Salem,0,1,1,,,,
4466,12/5/2016,North Carolina,Winston Salem,0,1,1,,,,
4468,12/6/2016,North Carolina,Winston Salem,0,1,1,,,,
4470,12/6/2016,Arkansas,Hot Springs National Park,0,0,0,,,,
4481,12/8/2016,California,Landers,0,0,0,,,,
4497,12/11/2016,New York,Corona,1,0,1,,,,
4498,12/11/2016,Arkansas,Hot Springs National Park,1,0,1,,,,
4500,12/11/2016,Vermont,Danby,1,0,1,,,,
4522,12/13/2016,North Carolina,Winston Salem,0,2,2,,,,
4524,12/14/2016,North Carolina,Winston Salem,0,1,1,,,,
4545,12/16/2016,North Carolina,Winston Salem,0,1,1,,,,
4548,12/16/2016,Florida,Saint Johns,1,0,1,,,,
4567,12/19/2016,Arkansas,Hot Springs National Park,0,0,0,,,,
4583,12/22/2016,Virginia,Chincoteague Island,0,0,0,,,,
4592,12/24/2016,New York,Corona,0,1,1,,,,
4595,12/24/2016,North Carolina,Winston Salem,1,1,2,,,,
4603,12/25/2016,North Carolina,Winston Salem,0,1,1,,,,
4628,12/27/2016,Arkansas,Hot Springs National Park,0,0,0,,,,
4641,12/29/2016,New York,Corona,0,0,0,,,,
4654,12/30/2016,Illinois,Dundee,0,0,0,,,,
4655,12/30/2016,Maryland,Washington,0,1,1,,,,
4659,12/30/2016,South Carolina,Mc Clellanville,1,0,1,,,,
4660,12/30/2016,New York,Corona,0,1,1,,,,
4668,12/31/2016,Virginia,Henrico,0,1,1,,,,
4676,1/1/2017,Pennsylvania,Peach Bottom,0,0,0,,,,
4705,1/6/2017,Arkansas,Hot Springs National Park,0,0,0,,,,
4707,1/6/2017,North Carolina,Winston Salem,0,1,1,,,,
4710,1/7/2017,New York,Tioga Center,0,0,0,,,,
4729,1/10/2017,North Carolina,Winston Salem,0,1,1,,,,
4735,1/11/2017,New York,Corona,0,0,0,,,,
4738,1/11/2017,California,Mc Farland,0,0,0,,,,
4742,1/12/2017,New Jersey,Monroe Township,0,0,0,,,,
4752,1/14/2017,New York,Corona,1,0,1,,,,
4763,1/15/2017,North Carolina,Winston Salem,0,2,2,,,,
4767,1/15/2017,North Carolina,Winston Salem,0,1,1,,,,
4773,1/16/2017,Florida,Hallandale,1,2,3,,,,
4774,1/16/2017,North Carolina,Winston Salem,0,1,1,,,,
4788,1/18/2017,New York,Springfield Gardens,1,0,1,,,,
4798,1/20/2017,Pennsylvania,Wilkes Barre,0,1,1,,,,
4807,1/22/2017,California,Mc Farland,0,0,0,,,,
4835,1/27/2017,Virginia,Mc Lean,3,0,3,,,,
4858,1/28/2017,Connecticut,Vernon Rockville,0,1,1,,,,
4860,1/28/2017,Connecticut,Vernon Rockville,0,0,0,,,,
4866,1/30/2017,Michigan,North Street,0,2,2,,,,
4906,2/6/2017,Louisiana,La Place,0,1,1,,,,
4907,2/6/2017,Virginia,Henrico,0,0,0,,,,
4910,2/6/2017,New Jersey,Brick,1,0,1,,,,
4922,2/8/2017,Rhode Island,North Scituate,0,0,0,,,,
4931,2/10/2017,Illinois,Mc Leansboro,0,0,0,,,,
4957,2/13/2017,New York,Corona,0,0,0,,,,
4958,2/13/2017,New York,Corona,0,0,0,,,,
4961,2/13/2017,New York,Corona,0,0,0,,,,
4964,2/14/2017,North Carolina,Winston Salem,0,2,2,,,,
4967,2/15/2017,North Carolina,Winston Salem,0,1,1,,,,
4971,2/15/2017,New York,Springfield Gardens,0,1,1,,,,
4972,2/15/2017,Louisiana,La Place,1,0,1,,,,
4979,2/17/2017,New York,Corona,0,0,0,,,,
4995,2/19/2017,California,Mc Farland,0,1,1,,,,
4996,2/19/2017,Pennsylvania,Wilkes Barre,0,0,0,,,,
5008,2/21/2017,Pennsylvania,Mc Kees Rocks,1,0,1,,,,
5009,2/21/2017,Nebraska,Mc Cook,0,0,0,,,,
5016,2/23/2017,New York,Corona,0,0,0,,,,
5022,2/24/2017,Tennessee,Soddy Daisy,0,0,0,,,,
5064,3/3/2017,North Carolina,Winston Salem,0,1,1,,,,
5081,3/6/2017,New York,Corona,0,0,0,,,,
5089,3/7/2017,Connecticut,Vernon Rockville,0,0,0,,,,
5092,3/7/2017,Idaho,Coeur D Alene,0,1,1,,,,
5100,3/8/2017,Idaho,Coeur D Alene,2,0,2,,,,
5102,3/8/2017,Illinois,Summit Argo,0,1,1,,,,
5107,3/9/2017,North Carolina,Winston Salem,0,1,1,,,,
5115,3/10/2017,North Carolina,Winston Salem,1,0,1,,,,
5117,3/11/2017,Arkansas,Hot Springs National Park,0,3,3,,,,
5140,3/14/2017,New York,Corona,1,0,1,,,,
5152,3/16/2017,Maryland,Brooklyn,0,0,0,,,,
5156,3/17/2017,Maryland,Gwynn Oak,1,0,1,,,,
5170,3/18/2017,Illinois,Dundee,0,0,0,,,,
5189,3/21/2017,Florida,Saint Johns,0,0,0,,,,
5201,3/22/2017,North Carolina,Winston Salem,0,0,0,,,,
5202,3/22/2017,Pennsylvania,New Providence,1,0,1,,,,
5216,3/24/2017,North Carolina,Winston Salem,1,0,1,,,,
5236,3/27/2017,North Carolina,Winston Salem,1,1,2,,,,
5251,3/29/2017,Maine,Hollis Center,0,0,0,,,,
5252,3/29/2017,New York,Corona,0,0,0,,,,
5268,3/31/2017,New York,Corona,0,0,0,,,,
5271,3/31/2017,Michigan,Clinton Township,1,1,2,,,,
5272,3/31/2017,North Carolina,Winston Salem,0,1,1,,,,
5303,4/5/2017,North Carolina,Winston Salem,1,1,2,,,,
5308,4/5/2017,Arkansas,Hot Springs National Park,1,1,2,,,,
5310,4/7/2017,Arkansas,Hot Springs National Park,0,0,0,,,,
5339,4/11/2017,Arkansas,Hot Springs National Park,0,1,1,,,,
5353,4/13/2017,Arkansas,Hot Springs National Park,0,1,1,,,,
5361,4/14/2017,California,Quail Valley,0,0,0,,,,
5369,4/15/2017,North Carolina,Winston Salem,0,2,2,,,,
5371,4/16/2017,New York,Clifton Park,0,0,0,,,,
5378,4/16/2017,Kentucky,Fedscreek,0,1,1,,,,
5388,4/17/2017,Pennsylvania,Mc Kees Rocks,0,1,1,,,,
5399,4/18/2017,Pennsylvania,Mc Kees Rocks,0,1,1,,,,
5409,4/20/2017,New York,Truxton,0,0,0,,,,
5420,4/22/2017,New York,Corona,0,1,1,,,,
5452,4/26/2017,Pennsylvania,Mc Donald,0,0,0,,,,
5458,4/26/2017,Florida,Land O Lakes,1,0,1,,,,
5495,5/1/2017,Pennsylvania,Wilkes Barre,0,0,0,,,,
5496,5/1/2017,North Carolina,Winston Salem,1,0,1,,,,
5503,5/2/2017,North Carolina,Winston Salem,0,1,1,,,,
5512,5/3/2017,Virginia,Henrico,0,0,0,,,,
5525,5/5/2017,Louisiana,La Place,0,1,1,,,,
5528,5/6/2017,Michigan,Macomb,1,0,1,,,,
5545,5/9/2017,Arkansas,Hot Springs National Park,0,2,2,,,,
5572,5/14/2017,Florida,Land O Lakes,0,1,1,,,,
5578,5/15/2017,Texas,Ledbetter,1,0,1,,,,
5591,5/17/2017,Florida,Hallandale,1,0,1,,,,
5599,5/17/2017,Illinois,Dundee,0,1,1,,,,
5604,5/18/2017,Arkansas,Hot Springs National Park,1,0,1,,,,
5652,5/25/2017,North Carolina,Winston Salem,1,0,1,,,,
5670,5/27/2017,Illinois,Mchenry,1,0,1,,,,
5685,5/29/2017,Arkansas,Hot Springs National Park,0,1,1,,,,
5689,5/30/2017,North Carolina,Winston Salem,1,0,1,,,,
5693,5/30/2017,Maryland,Linthicum Heights,0,0,0,,,,
5704,5/31/2017,North Carolina,Winston Salem,0,1,1,,,,
5712,6/1/2017,Idaho,Coeur D Alene,2,0,2,,,,
5731,6/4/2017,Mississippi,Mc Cool,1,1,2,,,,
5741,6/5/2017,North Carolina,Winston Salem,1,1,2,,,,
5772,6/9/2017,New York,Corona,1,1,2,,,,
5775,6/10/2017,California,Mc Farland,0,2,2,,,,
5779,6/11/2017,New York,Corona,0,1,1,,,,
5818,6/16/2017,North Carolina,Arden,0,0,0,,,,
5847,6/21/2017,Maryland,Brooklyn,0,0,0,,,,
5862,6/23/2017,Maine,Tenants Harbor,0,1,1,,,,
5885,6/25/2017,North Carolina,Winston Salem,0,1,1,,,,
5887,6/26/2017,Missouri,O Fallon,0,0,0,,,,
5893,6/27/2017,Arkansas,Hot Springs National Park,0,0,0,,,,
5894,6/27/2017,Kentucky,Mc Carr,0,1,1,,,,
5917,7/1/2017,North Carolina,Winston Salem,0,4,4,,,,
5932,7/4/2017,North Carolina,Winston Salem,0,1,1,,,,
5951,7/7/2017,California,Mc Farland,0,0,0,,,,
5961,7/8/2017,North Carolina,Winston Salem,1,0,1,,,,
5962,7/8/2017,Arkansas,Hot Springs National Park,0,1,1,,,,
5978,7/11/2017,North Carolina,Winston Salem,0,1,1,,,,
5981,7/11/2017,New York,Corona,0,0,0,,,,
5991,7/12/2017,California,Pacoima,1,1,2,,,,
5999,7/13/2017,North Carolina,Winston Salem,0,0,0,,,,
6003,7/14/2017,Virginia,Mc Lean,2,0,2,,,,
6006,7/14/2017,California,Mc Farland,1,0,1,,,,
6007,7/14/2017,New York,Corona,1,1,2,,,,
6020,7/16/2017,Arkansas,Hot Springs National Park,1,0,1,,,,
6032,7/17/2017,New York,Corona,0,0,0,,,,
6035,7/18/2017,New York,Corona,0,0,0,,,,
6041,7/19/2017,Maine,Cherryfield,1,0,1,,,,
6056,7/24/2017,Connecticut,Vernon Rockville,0,0,0,,,,
6058,7/24/2017,Pennsylvania,Aston,0,0,0,,,,
6060,7/25/2017,North Carolina,Winston Salem,1,0,1,,,,
6061,7/25/2017,New York,Corona,1,0,1,,,,
6070,7/26/2017,Maryland,Riverdale,1,0,1,,,,
6073,7/26/2017,Vermont,Guildhall,2,0,2,,,,
6086,7/28/2017,Arkansas,Hot Springs National Park,0,2,2,,,,
6097,7/29/2017,Pennsylvania,Mc Kees Rocks,1,0,1,,,,
6104,7/30/2017,New York,Corona,0,1,1,,,,
6112,8/1/2017,Indiana,La Porte,0,1,1,,,,
6133,8/4/2017,Pennsylvania,Mc Kees Rocks,1,0,1,,,,
6137,8/4/2017,Pennsylvania,Mc Kees Rocks,0,0,0,,,,
6144,8/6/2017,North Carolina,Winston Salem,1,0,1,,,,
6145,8/6/2017,New York,Corona,0,0,0,,,,
6160,8/9/2017,New York,Corona,0,0,0,,,,
6161,8/9/2017,California,Edwards,0,1,1,,,,
6174,8/11/2017,Arkansas,Hot Springs National Park,0,1,1,,,,
6179,8/11/2017,North Carolina,Winston Salem,0,1,1,,,,
6197,8/13/2017,New York,Corona,0,0,0,,,,
6200,8/13/2017,New York,Corona,0,0,0,,,,
6201,8/13/2017,New York,Corona,1,0,1,,,,
6214,8/15/2017,New York,Corona,1,0,1,,,,
6216,8/17/2017,North Carolina,Winston Salem,1,0,1,,,,
6217,8/17/2017,Pennsylvania,Mc Kees Rocks,0,2,2,,,,
6220,8/17/2017,Kentucky,Ft Mitchell,0,0,0,,,,
6226,8/18/2017,New York,Corona,1,0,1,,,,
6230,8/19/2017,Arkansas,Hot Springs National Park,0,1,1,,,,
6236,8/20/2017,New York,Corona,0,1,1,,,,
6237,8/20/2017,New York,Corona,0,1,1,,,,
6247,8/21/2017,South Carolina,Mc Coll,1,0,1,,,,
6249,8/22/2017,North Carolina,Winston Salem,1,0,1,,,,
6252,8/22/2017,Arkansas,Hot Springs National Park,1,0,1,,,,
6253,8/22/2017,New York,Corona,0,1,1,,,,
6264,8/23/2017,New York,Corona,0,0,0,,,,
6265,8/23/2017,North Carolina,Winston Salem,0,1,1,,,,
6267,8/24/2017,New York,Corona,0,1,1,,,,
6271,8/24/2017,Maryland,Sparks Glencoe,0,0,0,,,,
6283,8/26/2017,Indiana,Nineveh,2,0,2,,,,
6288,8/27/2017,Virginia,Henrico,2,1,3,,,,
6290,8/27/2017,Maine,North Anson,0,0,0,,,,
6310,8/30/2017,Ohio,Brookpark,0,0,0,,,,
6311,8/30/2017,New York,Corona,0,1,1,,,,
6313,8/30/2017,New York,Corona,0,0,0,,,,
6324,8/31/2017,Illinois,O Fallon,0,0,0,,,,
6342,9/3/2017,New York,Corona,0,0,0,,,,
6344,9/3/2017,New York,Corona,0,1,1,,,,
6347,9/4/2017,North Carolina,Winston Salem,0,1,1,,,,
6350,9/4/2017,New York,Corona,0,1,1,,,,
6359,9/5/2017,Pennsylvania,Mc Kees Rocks,0,1,1,,,,
6369,9/7/2017,Ohio,Brookpark,0,0,0,,,,
6377,9/8/2017,North Carolina,Winston Salem,0,1,1,,,,
6383,9/9/2017,North Carolina,Winston Salem,0,1,1,,,,
6389,9/10/2017,North Carolina,Winston Salem,0,1,1,,,,
6392,9/11/2017,Arkansas,Hot Springs National Park,0,0,0,,,,
6403,9/12/2017,Arkansas,Hot Springs National Park,0,0,0,,,,
6405,9/12/2017,Maine,Kents Hill,0,0,0,,,,
6414,9/13/2017,Arkansas,Hot Springs National Park,0,0,0,,,,
6419,9/14/2017,Arkansas,Hot Springs National Park,0,0,0,,,,
6424,9/15/2017,Illinois,Dundee,0,0,0,,,,
6425,9/15/2017,Arkansas,Hot Springs National Park,0,0,0,,,,
6426,9/15/2017,Florida,Hallandale,1,0,1,,,,
6427,9/16/2017,Indiana,Mc Cordsville,0,1,1,,,,
6435,9/17/2017,Pennsylvania,Mc Clellandtown,0,1,1,,,,
6438,9/17/2017,New York,Corona,1,0,1,,,,
6448,9/18/2017,Ohio,Brookpark,0,0,0,,,,
6452,9/19/2017,Virginia,Henrico,0,1,1,,,,
6468,9/20/2017,New York,Corona,0,0,0,,,,
6476,9/22/2017,North Carolina,Winston Salem,0,1,1,,,,
6488,9/23/2017,California,Mc Farland,0,0,0,,,,
6493,9/24/2017,North Carolina,Winston Salem,0,1,1,,,,
6499,9/24/2017,North Carolina,Winston Salem,0,2,2,,,,
6501,9/25/2017,Maryland,Brooklyn,0,0,0,,,,
6504,9/25/2017,North Carolina,Winston Salem,0,1,1,,,,
6506,9/25/2017,North Carolina,Winston Salem,0,1,1,,,,
6509,9/25/2017,North Carolina,Winston Salem,0,1,1,,,,
6510,9/25/2017,North Carolina,Winston Salem,0,0,0,,,,
6513,9/26/2017,New York,Brant Lake,0,0,0,,,,
6521,9/27/2017,New York,Corona,0,0,0,,,,
6537,9/30/2017,Maryland,Gwynn Oak,0,1,1,,,,
6541,10/1/2017,Maryland,Brooklyn,0,0,0,,,,
6542,10/1/2017,New York,Corona,0,2,2,,,,
6547,10/2/2017,Indiana,La Porte,0,0,0,,,,
6554,10/3/2017,Idaho,Coeur D Alene,0,0,0,,,,
6558,10/4/2017,Virginia,Henrico,1,0,1,,,,
6559,10/4/2017,Maryland,Brooklyn,2,0,2,,,,
6560,10/5/2017,Missouri,O Fallon,0,0,0,,,,
6561,10/5/2017,Maryland,Gwynn Oak,1,0,1,,,,
6562,10/5/2017,Arkansas,Hot Springs National Park,0,1,1,,,,
6571,10/6/2017,Pennsylvania,Pequea,0,0,0,,,,
6579,10/8/2017,Arkansas,Hot Springs National Park,0,1,1,,,,
6583,10/8/2017,Louisiana,La Place,1,0,1,,,,
6594,10/10/2017,New York,Corona,1,0,1,,,,
6596,10/10/2017,Connecticut,Vernon Rockville,0,0,0,,,,
6598,10/10/2017,North Carolina,Winston Salem,0,0,0,,,,
6607,10/12/2017,New York,Corona,0,0,0,,,,
6611,10/12/2017,New York,Corona,1,0,1,,,,
6613,10/13/2017,New York,Corona,0,0,0,,,,
6615,10/13/2017,New York,Corona,0,1,1,,,,
6619,10/14/2017,North Carolina,Winston Salem,1,0,1,,,,
6624,10/15/2017,New York,Corona,0,1,1,,,,
6641,10/18/2017,North Carolina,Winston Salem,1,0,1,,,,
6654,10/20/2017,Pennsylvania,Peach Bottom,0,1,1,,,,
6656,10/20/2017,North Carolina,Winston Salem,0,0,0,,,,
6667,10/21/2017,Ohio,Brookpark,0,0,0,,,,
6669,10/22/2017,Michigan,Jeddo,0,0,0,,,,
6678,10/23/2017,New York,Corona,0,1,1,,,,
6680,10/23/2017,Arkansas,Hot Springs National Park,1,0,1,,,,
6684,10/23/2017,New York,Corona,1,1,2,,,,
6686,10/24/2017,Ohio,Brookpark,0,0,0,,,,
6687,10/24/2017,Arkansas,Hot Springs National Park,0,0,0,,,,
6701,10/26/2017,North Carolina,Winston Salem,0,1,1,,,,
6705,10/27/2017,North Carolina,Winston Salem,0,1,1,,,,
6708,10/27/2017,New York,Corona,0,1,1,,,,
6720,10/29/2017,California,Pacoima,1,0,1,,,,
6723,10/29/2017,North Carolina,Winston Salem,0,2,2,,,,
6726,10/30/2017,North Carolina,Winston Salem,1,0,1,,,,
6728,10/30/2017,North Carolina,Winston Salem,0,1,1,,,,
6731,10/31/2017,Ohio,Brookpark,0,0,0,,,,
6732,10/31/2017,New York,Corona,0,1,1,,,,
6743,11/1/2017,Florida,Land O Lakes,0,1,1,,,,
6744,11/1/2017,New Jersey,Neptune,0,0,0,,,,
6753,11/4/2017,South Carolina,Mc Clellanville,0,1,1,,,,
6754,11/4/2017,New York,Corona,1,0,1,,,,
6762,11/5/2017,Florida,Long Key,0,0,0,,,,
6772,11/6/2017,Louisiana,La Place,0,1,1,,,,
6781,11/8/2017,New York,La Fayette,0,0,0,,,,
6784,11/9/2017,Arkansas,Hot Springs National Park,0,1,1,,,,
6793,11/10/2017,North Carolina,Winston Salem,0,0,0,,,,
6804,11/11/2017,North Carolina,Winston Salem,0,1,1,,,,
6809,11/13/2017,New Jersey,Lawrence Township,1,0,1,,,,
6812,11/13/2017,North Carolina,Winston Salem,1,1,2,,,,
6827,11/15/2017,North Carolina,Winston Salem,0,1,1,,,,
6836,11/17/2017,New York,Corona,0,1,1,,,,
6837,11/17/2017,New York,Corona,0,0,0,,,,
6849,11/18/2017,New York,Corona,1,0,1,,,,
6856,11/19/2017,New York,Corona,0,1,1,,,,
6858,11/19/2017,New York,Lagrangeville,0,0,0,,,,
6859,11/19/2017,North Carolina,Winston Salem,0,0,0,,,,
6868,11/21/2017,Louisiana,La Place,0,0,0,,,,
6874,11/21/2017,Pennsylvania,Mc Kees Rocks,0,1,1,,,,
6877,11/22/2017,Connecticut,Vernon Rockville,0,0,0,,,,
6879,11/23/2017,California,Pacoima,1,0,1,,,,
6903,11/26/2017,North Carolina,Winston Salem,0,1,1,,,,
6916,11/27/2017,North Carolina,Winston Salem,0,1,1,,,,
6924,11/29/2017,North Carolina,Winston Salem,0,0,0,,,,
6937,12/1/2017,North Carolina,Winston Salem,0,1,1,,,,
6944,12/2/2017,New York,Corona,1,0,1,,,,
6946,12/2/2017,Connecticut,Vernon Rockville,0,1,1,,,,
6961,12/5/2017,Arkansas,Hot Springs National Park,3,0,3,,,,
6969,12/6/2017,North Carolina,Winston Salem,0,0,0,,,,
6980,12/8/2017,North Carolina,Winston Salem,0,0,0,,,,
6983,12/9/2017,North Carolina,Winston Salem,0,0,0,,,,
6989,12/10/2017,Pennsylvania,Mc Sherrystown,0,1,1,,,,
6996,12/10/2017,New York,Corona,0,1,1,,,,
7003,12/11/2017,California,Jolon,0,1,1,,,,
7005,12/12/2017,New York,Eagle Bridge,0,0,0,,,,
7006,12/12/2017,Massachusetts,Lanesboro,1,0,1,,,,
7007,12/12/2017,Massachusetts,Granville,0,1,1,,,,
7008,12/12/2017,New York,Delmar,0,0,0,,,,
7014,12/12/2017,South Carolina,Mc Bee,0,0,0,,,,
7025,12/13/2017,New York,Corona,0,1,1,,,,
7035,12/15/2017,North Carolina,Winston Salem,1,0,1,,,,
7037,12/15/2017,North Carolina,Winston Salem,0,0,0,,,,
7038,12/15/2017,Idaho,Coeur D Alene,0,0,0,,,,
7042,12/16/2017,North Carolina,Winston Salem,1,0,1,,,,
7043,12/16/2017,Mississippi,Mc Cool,0,4,4,,,,
7048,12/16/2017,New York,Corona,1,0,1,,,,
7065,12/19/2017,New York,Corona,1,0,1,,,,
7067,12/20/2017,Massachusetts,Lanesboro,0,0,0,,,,
7070,12/21/2017,New York,Corona,0,1,1,,,,
7086,12/24/2017,Arkansas,Hot Springs National Park,0,0,0,,,,
7112,1/1/2018,New York,Corona,0,1,1,,,,
7121,1/3/2018,New York,Corona,0,0,0,,,,
7127,1/4/2018,North Carolina,Winston Salem,0,1,1,,,,
7135,1/6/2018,California,Sylmar,1,0,1,,,,
7138,1/7/2018,Kentucky,De Mossville,1,0,1,,,,
7158,1/10/2018,New York,Corona,0,0,0,,,,
7162,1/11/2018,Louisiana,La Place,0,1,1,,,,
7163,1/11/2018,North Carolina,Winston Salem,0,1,1,,,,
7168,1/11/2018,North Carolina,Winston Salem,0,1,1,,,,
7176,1/12/2018,North Carolina,Winston Salem,0,1,1,,,,
7193,1/15/2018,North Carolina,Winston Salem,0,0,0,,,,
7194,1/15/2018,Louisiana,La Place,1,0,1,,,,
7199,1/15/2018,North Carolina,Winston Salem,0,1,1,,,,
7200,1/16/2018,Michigan,Davisburg,0,0,0,,,,
7201,1/16/2018,New York,Corona,1,0,1,,,,
7204,1/17/2018,Arkansas,Hot Springs National Park,0,0,0,,,,
7212,1/18/2018,Idaho,Coeur D Alene,0,0,0,,,,
7214,1/18/2018,New York,Corona,1,0,1,,,,
7230,1/20/2018,North Carolina,Winston Salem,1,0,1,,,,
7233,1/20/2018,North Carolina,Winston Salem,1,0,1,,,,
7240,1/21/2018,Arkansas,Hot Springs National Park,0,0,0,,,,
7244,1/22/2018,Louisiana,La Place,0,0,0,,,,
7252,1/23/2018,North Carolina,Winston Salem,0,1,1,,,,
7275,1/26/2018,New York,Corona,0,1,1,,,,
7283,1/28/2018,Pennsylvania,Mc Kees Rocks,1,0,1,,,,
7285,1/28/2018,New York,Corona,1,2,3,,,,
7292,1/30/2018,New York,Corona,0,1,1,,,,
7293,1/30/2018,Arkansas,Hot Springs National Park,0,1,1,,,,
7296,1/31/2018,Nevada,Mc Dermitt,2,0,2,,,,
7310,2/2/2018,Pennsylvania,Mc Kees Rocks,1,0,1,,,,
7311,2/2/2018,New York,Corona,1,0,1,,,,
7316,2/3/2018,New York,Corona,0,0,0,,,,
7322,2/4/2018,Massachusetts,Foxboro,0,0,0,,,,
7338,2/7/2018,North Carolina,Winston Salem,0,1,1,,,,
7347,2/8/2018,New York,Corona,1,0,1,,,,
7359,2/11/2018,Pennsylvania,Wilkes Barre,0,1,1,,,,
7367,2/13/2018,North Carolina,Winston Salem,0,1,1,,,,
7368,2/13/2018,North Carolina,Winston Salem,1,0,1,,,,
7373,2/13/2018,Tennessee,La Follette,0,1,1,,,,
7380,2/14/2018,Maryland,Fort George G Meade,0,0,0,,,,
7385,2/15/2018,North Carolina,Winston Salem,0,0,0,,,,
7388,2/15/2018,Arkansas,Mc Gehee,0,0,0,,,,
7392,2/16/2018,Pennsylvania,Mc Kees Rocks,1,0,1,,,,
7423,2/22/2018,North Carolina,Winston Salem,0,0,0,,,,
7429,2/24/2018,North Carolina,Winston Salem,0,0,0,,,,
7435,2/24/2018,North Carolina,Winston Salem,0,1,1,,,,
7436,2/24/2018,New York,Corona,0,2,2,,,,
7440,2/26/2018,Arkansas,Hot Springs National Park,0,0,0,,,,
7445,2/27/2018,Idaho,Coeur D Alene,1,1,2,,,,
7463,3/4/2018,New York,Corona,0,0,0,,,,
7478,3/7/2018,Arkansas,Hot Springs National Park,0,0,0,,,,
7480,3/7/2018,North Carolina,Winston Salem,0,0,0,,,,
7481,3/7/2018,Arkansas,Hot Springs National Park,1,0,1,,,,
7486,3/8/2018,North Carolina,Winston Salem,1,0,1,,,,
7498,3/10/2018,California,North Hollywood,2,0,2,,,,
7502,3/11/2018,New York,Corona,1,0,1,,,,
7506,3/12/2018,New York,Corona,0,3,3,,,,
7514,3/15/2018,New York,Corona,0,0,0,,,,
7515,3/16/2018,Pennsylvania,Mc Kees Rocks,1,0,1,,,,
7525,3/17/2018,North Carolina,Winston Salem,0,0,0,,,,
7530,3/18/2018,Arkansas,Hot Springs National Park,0,1,1,,,,
7544,3/21/2018,Idaho,Coeur D Alene,1,0,1,,,,
7545,3/21/2018,Arkansas,Hot Springs National Park,0,1,1,,,,
7547,3/21/2018,California,El Dorado,0,1,1,,,,
7549,3/22/2018,Arkansas,Hot Springs National Park,0,0,0,,,,
7551,3/22/2018,New York,Corona,0,2,2,,,,
7552,3/22/2018,New York,Corona,0,0,0,,,,
7553,3/22/2018,New York,Corona,1,0,1,,,,
7556,3/22/2018,Arkansas,Hot Springs National Park,1,0,1,,,,
7557,3/23/2018,Tennessee,Mc Ewen,0,1,1,,,,
7558,3/23/2018,Virginia,Henrico,0,0,0,,,,
7566,3/24/2018,New York,Corona,1,0,1,,,,
7569,3/24/2018,Arkansas,Hot Springs National Park,0,0,0,,,,
7571,3/24/2018,Michigan,Macomb,0,1,1,,,,
7575,3/25/2018,New York,Corona,0,0,0,,,,
7584,3/27/2018,New York,Corona,0,0,0,,,,
7597,3/30/2018,North Carolina,Winston Salem,1,0,1,,,,
7599,3/30/2018,New York,Corona,0,1,1,,,,
7600,3/30/2018,Arkansas,Hot Springs National Park,0,0,0,,,,
7603,3/31/2018,Maryland,#VALUE!,0,0,0,,,,
7604,3/31/2018,New York,#VALUE!,0,1,1,,,,
7605,3/31/2018,Washington,#VALUE!,0,0,0,,,,
